{"entities":{"pages":{"api-docs":{"id":"api-docs","title":"Bielu CDN integration provider for umbraco","url":"api-docs.html","level":0,"tabIndex":0},"Ui":{"id":"Ui","title":"Ui","url":"ui.html","level":0,"tabIndex":1},"Providers":{"id":"Providers","title":"Providers","url":"providers.html","level":0,"pages":["Akamai","AWS-Cloud-Front","Azure-Front-Door","Cloudflare","Nginx-Reverse-Proxy"],"tabIndex":2},"Akamai":{"id":"Akamai","title":"Akamai","url":"akamai.html","level":1,"parentId":"Providers","tabIndex":0},"AWS-Cloud-Front":{"id":"AWS-Cloud-Front","title":"AWS Cloud Front","url":"aws-cloud-front.html","level":1,"parentId":"Providers","tabIndex":1},"Azure-Front-Door":{"id":"Azure-Front-Door","title":"Azure Front Door","url":"azure-front-door.html","level":1,"parentId":"Providers","tabIndex":2},"Cloudflare":{"id":"Cloudflare","title":"Cloudflare","url":"cloudflare.html","level":1,"parentId":"Providers","tabIndex":3},"Nginx-Reverse-Proxy":{"id":"Nginx-Reverse-Proxy","title":"Nginx Reverse Proxy","url":"nginx-reverse-proxy.html","level":1,"parentId":"Providers","tabIndex":4},"Configuration":{"id":"Configuration","title":"Configuration","url":"configuration.html","level":0,"tabIndex":3}}},"topLevelIds":["api-docs","Ui","Providers","Configuration"]}